Class Index,Title,Description
1,Explosion Rocks Baghdad Neighborhood,"BAGHDAD, Iraq, August 24 -- A car bomb exploded near the gate of a US-funded Iraqi television network in Baghdad on Tuesday, killing at least two people and wounding two others, authorities and witnesses said."
1,BBC reporters' log,BBC correspondents record events in the Middle East and their thoughts as the funeral of the Palestinian leader Yasser Arafat takes place.
1,Israel welcomes Rice nomination; Palestinians wary,"Israel on Tuesday warmly welcomed the naming of Condoleezza Rice as America #39;s top diplomat, but Palestinians were wary, saying the new Bush administration must put more energy into the quest for Middle East peace."
1,Medical Journal Calls for a New Drug Watchdog,Medical researchers said the U.S. needs a system independent of the F.D.A. to detect harmful effects of drugs already on the market.
1,Militants Kidnap Relatives of Iraqi Minister-TV,"Militants have kidnapped two relatives of Iraqi Defense Minister Hazim al-Shalaan and demanded US forces leave the holy city of Najaf, Al Jazeera television reported Wednesday."
1,US to support democracy,"WASHINGTON, Sept 18: The United States has said that it would reiterate its support for a  #39;fully functioning #39; democracy in Pakistan if the issue of President Pervez Musharraf keeping or giving "
1,Command Failure Seen at Fault in Beslan Massacre," MOSCOW (Reuters) - Security forces bungled the handling of  Russia's worst hostage drama because nobody was in charge and  special forces were not ready when the shooting started,  security analysts said on Monday."
1,U.S. groups accuse China of failing to stop intellectual property abuses (Canadian Press),"Canadian Press - BEIJING (AP) - Adding to pressure for China to stop rampant product piracy, two major U.S. business groups complained Thursday that abuses are getting worse and warned that lack of patent and copyright protection is hurting high-tech investment."
1,Kidnappers Release Seven Hostages in Iraq,"BAGHDAD, Iraq - Kidnappers released two female Italian aid workers and five other hostages Tuesday, raising hopes for at least 18 foreigners still in captivity. But insurgents showed no sign of easing their blood-soaked campaign against the U.S..."
1,Colombian Military Kills Militia Leader,"A former U.S.-trained Colombian army officer who later joined an outlawed paramilitary group was killed in a clash with army troops Tuesday, the army said."
1,Kite festival begins as prelude to 350th anniversary of Taj,"Agra, Sep 27. (PTI):A kite festival today began on the banks of the Yamuna river behind the Taj Mahal as a prelude to the 350th anniversary celebrations of the world-famous monument opening this evening."
1,Falluja troops under heavy fire,US marines in Falluja have come under sustained attack from several different directions in the headquarters they have set up in the Iraqi city.
1,Chechen capital empties ahead of election to replace slain leader (AFP),AFP - Chechnya's capital Grozny emptied as residents fearing rebel raids fled a day before an election to replace their slain pro-Moscow leader.
1,Does Tsvangirai outcome suit Mugabe?,"On hearing the verdict there was a broad smile from Morgan Tsvangirai, applause from his supporters and tears of relief from his veteran attorney."
1,U.S. Raps Cuba on Its Presence Abroad (AP),"AP - The State Department is accusing Cuba of training Colombian rebels and says it is troubled by a large presence of Cuban personnel in Venezuela, whose president, Hugo Chavez, is a close ally of Cuban President Fidel Castro."
1,Brazilian Soldier Wounded in Haiti Unrest,"&lt;p&gt;&lt;/p&gt;&lt;p&gt; By Joseph Guyler Delva&lt;/p&gt;&lt;p&gt; GONAIVES, Haiti (Reuters) - A Brazilian soldier with theU.N. peacekeeping force in Haiti was shot and wounded Saturdaywhen peacekeepers and local police faced gunfire in a crackdownon armed gangs in the Haitian capital.&lt;/p&gt;"
1,Chinese official moved as Hu consolidates power,China #39;s Communist Party chief Hu Jintao moved a close political ally out of a problem-plauged province on Monday and analysts say he will make more personnel changes as he continues to consolidate power.
1,British hostage killed in Iraq: TV,"The British hostage held in Iraq by a militant group led by al-Qaida ally Abu Musab al-Zarqawi was killed Friday, pan-Arab Abu Dhabi TV reported."
1,Leading Cuban Dissident Writer Freed,"Cuba #39;s communist government freed dissident writer Raul Rivero from prison Tuesday, the latest in a series of releases apparently aimed at cleaning up the island #39;s human rights record."
1,"God Has 4,000 Loudspeakers; the State Holds Its Ears",The Egyptian minister of religion decided that one official call to prayer would be broadcast live and carried by all of Cairo's mosques. Many of the faithful objected.
1,US blames Islamic charities for funding Iraq attacks,"MARK COLVIN: In Baghdad, the family of the kidnapped head of CARE International have pleaded with the British Prime Minister to stop even speaking Margaret Hassan #39;s name."
1,Al-Sadr Calls on Militia to End Uprising,"BAGHDAD, Iraq - Rebel cleric Muqtada al-Sadr wants his followers to end their uprising against U.S. and Iraqi forces while he considers forming a political movement, senior al-Sadr officials said Monday..."
1,Pope pleads for peace in Iraq,"POPE John Paul today issued a new appeal for peace in Iraq and the Middle East, condemning the  quot;horror quot; of violence as well as  quot;the terrorism that cruelly targets the innocent quot;."
1,Danes find a bridge to love (Chicago Tribune),"Chicago Tribune - The train is sleek and fast that each night carries Christina Reves away from her country and toward her husband. It races through Denmark's scattered marshes and clicks over a bridge and across the water, stopping 35 minutes later in Sweden."
1,The China Post,President Chen Shui bian said yesterday he does not expect China to ease its military threat against the island after Chinese President Hu Jintao took over as the country #39;s top military chief.
1,Fears grow for Falluja civilians,"Iraqis trapped in the besieged rebel city of Falluja face a humanitarian disaster, aid agencies warn."
1,Annan asks China to play a bigger role,UN Secretary-General Kofi Annan told university students in Beijing Monday that China should play a bigger role in global development and world peace.
1,Bush Twins Host Pre-Convention Party (AP),"AP - Barbara and Jenna Bush, the president's 22-year-old twin daughters, arrived like rock 'n' roll stars at a Republican convention party Sunday, complete with red carpet, cameras and paparazzi shouting for a smile."
1,Thaksin vows  #39;iron fist #39; against rebels in south,BANGKOK Prime Minister Thaksin Shinawatra headed to a Muslim-dominated part of southern Thailand on Sunday after promising to act aggressively against militants and illegal weapons they have used in deadly attacks there.
1,HK legislative poll points to the future,"When the British ruled Hong Kong, as pro-Beijing politicians are fond of pointing out, the territory #39;s people had no direct influence over the way they were governed."
1,Rebels return to 'cleared' areas,"In Fallujah, US forces are going through 50,000 houses one by one. But insurgents are coming back."
1,Blunkett is expected to resign,"Home Secretary David Blunkett is expected to quit on Wednesday, BBC political editor Andrew Marr has said. The news comes amid claims he misused his office to fast-track a visa for his former lover #39;s nanny."
1,Cricket: Warne back to face NZ,Australia's Darren Lehmann and Shane Warne return to take on New Zealand.
1,Copter crash kills cleric,"ATHENS -- The Christian Orthodox Patriarch of Alexandria was killed yesterday after an army helicopter transporting him and his entourage to a monastic enclave in northern Greece crashed into the sea, according to government and church officials."
1,Jitters before assault wearing on soldiers,"NEAR FALLUJAH, Iraq -- The hulks of the 69-ton M1A1 Abrams tanks were barely visible on the dark desert plain, but the rumble of their engines filled the night."
1,Anwar supporters defy police ban to welcome him home to Malaysia,KUALA LUMPUR : Hundreds of supporters defied a police ban to welcome former deputy prime minister Anwar Ibrahim at the airport on his arrival home after back surgery in Germany.
1,Court Votes to Strip Pinochet of Immunity,An appeals court ruled Thursday to strip former dictator Gen. Augusto Pinochet of immunity from prosecution for a 1974 car bombing that killed an exiled Chilean general and the man's wife.
1,Hurricane Jeanne Takes Aim at Florida,"WEST PALM BEACH, Fla. - Hurricane Jeanne trekked westward Friday on a path that could lead to Florida's east coast by Sunday, setting off another round of storm preparations in a state still reeling from three earlier strikes..."
1,White House Rejects Trade Case Vs. China (AP),AP - The Bush administration on Friday rejected a request from 30 members of Congress that it bring a World Trade Organization case against China charging the Asian nation with manipulating its currency to gain unfair trade advantages against the United States.
1,It's October and It's Time for Playoffs!,Curt Schilling and Pedro Martinez are revved up. Roger Clemens and Roy Oswalt are rarin' to go...
1,ONGC #39;s 10th acquisition abroad,"ONGC Videsh Ltd, the overseas arm of state-run Oil and Natural Gas Corp, has acquired a majority stake in an oil block in Australia."
1,Senate Wants Intel Chief With Budget Say (AP),"AP - The committee writing the Senate's intelligence reorganization plan is recommending creation of a strong national intelligence director with spending power, while leaving the Pentagon in charge of some military spy agencies."
1,Plan unveiled to ease Iraq debt,Germany has unveiled an international plan to wipe out tens of billions of dollars of Iraqi debt so that the war-torn country can rebuild in earnest.
1,China Pledges Stable Policies," BEIJING (Reuters) - Chinese leaders closed a key economic  meeting on Sunday with pledges to maintain stable fiscal and  monetary policies in 2005 and keep a tight lid on fixed-asset  investment, state radio said."
1,"At least 90 dead, 77 missing in China rainstorms","BEIJING : At least 90 people were killed and 77 were missing in torrential storms lashing southwest China, disaster relief officials said."
1,Nigerian Unions Launch Strike But Oil Exports Flow,"Unions began a four-day strike against rising fuel prices in Nigeria on Monday, helping drive world oil prices to record highs even though shipments from Africa #39;s top producer were unaffected."
1,US bolsters force for Afghan poll,"The US is to send up to 1,100 extra troops to Afghanistan to provide security for next month's elections."
1,Iraqis flock to shrine after deal,Thousands of Iraqis walk through Najaf to the city's great shrine as a peace deal takes effect.
1,Italian troops  #39;to stay in Iraq #39;,"Italy says it has no intention of withdrawing its 3,000 troops from Iraq in the face of demands from kidnappers who have seized an Italian journalist."
1,Concert blast investigated,"ISTANBUL, Turkey Turkish authorities say a grenade might have caused last night #39;s explosion that injured at least 13 people attending a pop concert."
1,Sri Lanka concern over violence (AFP),"AFP - Sri Lanka expressed concern over truce violations by Tiger rebels as a top Norwegian envoy prepared to return home empty-handed after failing to end the island's talks deadlock, officials said."
1,Bush Signs Law Expanding Rights of North Koreans to US Asylum,US President George W. Bush signed legislation expanding the rights of North Korean citizens to seek refugee status in the US and authorizing \$24 million a year in humanitarian relief through 2008.
1,Blair says Mid East peace is key to beating terror,Tony Blair has redoubled his commitment to finding a resolution to the conflict between Israel and the Palestine. The prime minister told the Commons on Wednesday that bringing peace to the region was the  quot;key quot; to tackling international terrorism.
1,Sudan resolves Darfur issue with logic and positive action &lt;b&gt;...&lt;/b&gt;,Sudanese President Omar El Bashir said here Monday that his government is resolving Darfur issue with logic and positive action. In an address to the Sudanese National Council 
1,U.S. Warplane Drops Bombs on Fallujah (AP),"AP - A U.S. warplane bombed the restive city of Fallujah on Friday, witnesses said."
1,"Pakistan, India agree to reopen second rail link",ISLAMABAD: Pakistan and India on Friday ended a two-day meeting on reviving Khokhrapar-Monabao rail link and agreed to take necessary steps for an early resumption of the train service.
1,Heartbeat away from third term,"TONY Blair yesterday entered hospital for heart surgery, rounding off one of his most dramatic and stressful weeks in politics. Making a sudden and unexpected appearance on national TV, Britain #39;s Prime Minister "
1,India tests nuclear-capable Agni missile,"India Sunday successfully tested the nuclear capable Agni-II missile that can strike at targets as far as China. The missile, which has a range of over 2,000 km, was fired at 12."
1,"At Inauguration, Karzai Pledges 'New Chapter' for Afghanistan","Kabul was calm amid massive security for Hamid Karzai's inauguration ceremony, but overnight attacks provided a reminder of threats."
1,Chirac criticises interference in Iraq hostages release &lt;b&gt;...&lt;/b&gt;,"PARIS - French President Jacques Chirac has lashed out at a private initiative to secure the release of two French hostages in Iraq as interference and said he hoped it would not thwart the delicate process, aides said Saturday."
1,Nigeria Militia Leader Says Deal Reached,"ABUJA, Nigeria Sept. 29, 2004 - The leader of militia fighters threatening to widen a battle for control of Nigeria #39;s oil-rich south said Wednesday he agreed to a tentative deal with President Olusegun Obasanjo "
1,Lanxess Moving Texas Factory to China (AP),"AP - Lanxess Corp., a chemicals and polymers unit of Bayer Corp., plans to move one of its factories from Texas to eastern China's Shandong province, state media reported Wednesday."
1,Iraq #39;s top cleric arrives in Najaf on peace mission as a mortar &lt;b&gt;...&lt;/b&gt;,"By Abdul Hussein Al-Obeidi, Associated Press, 8/26/2004 08:16. NAJAF, Iraq (AP) Iraq #39;s top Shiite cleric made a dramatic return to Najaf at the head of a massive convoy Thursday hoping to end three weeks of "
1,Darfur Mediators Demand Respect of Cease-fire,"African Union mediators at peace talks for Sudan #39;s Darfur region say there has been an escalation of cease-fire violations during the past three months, and that these must stop before a comprehensive peace accord can be reached."
1,Barack Obama Gets  #36;1.9 Million Book Deal (AP),"AP - U.S. Sen.-elect Barack Obama, whose 1995 book jumped onto best seller lists after his keynote address to the Democratic National Convention, has landed a three-book deal worth  #36;1.9 million."
1,"Britain will not back Iran war, says Straw","Britain will not back military action against Iran if President George W Bush decides to confront Tehran in his second White House term, Jack Straw has said."
1,Congress Speeds Up 9/11 Legislation Vote,"WASHINGTON - Racing the clock, Senate leaders are applying finishing touches to bipartisan legislation addressing the Sept. 11 commission's recommendations just as House GOP leaders prepare to debate their version, which Democrats call partisan and weak..."
1,Ukraine opposition rally draws hundreds of thousands (AFP),"AFP - Tens of thousands of supporters of opposition presidential candidate Viktor Yushchenko took to the streets of Kiev, a week before the poll, to demand free and fair elections in this former Soviet state after a tense campaign marred by incidents."
1,Schilling Gets 20th As Red Sox Beat D-Rays,"BOSTON - Curt Schilling became the first 20-game winner in the major leagues this season, reaching the mark for the third time in four years and leading the Boston Red Sox to an 11-4 victory over the Tampa Bay Devil Rays on Thursday night.    Kevin Millar and Johnny Damon each homered and drove in four runs, and Boston moved within 3 1/2 games of the first-place New York Yankees in the AL East..."
1,Money Now Sole Obstacle to Khmer Rouge Trials -UN (Reuters),"Reuters - Funding is the only obstacle to\U.N. approval for Cambodia to begin long-delayed trials of\former Khmer Rouge leaders blamed for some 1.7 million deaths,\the United Nations said on Friday."
1,Dodgers' Green to Miss Game on Yom Kippur,"SAN DIEGO - Los Angeles Dodgers first baseman Shawn Green will definitely sit out at least one game of a weekend series against the San Francisco Giants in observance of Yom Kippur, but will wait until Thursday to make his final decision.    Green said Wednesday there's a possibility he'll sit out both Friday night and Saturday afternoon..."
1,"Putin fires North Ossetia interior minister, regional FSB head (AFP)","AFP - President Vladimir Putin sacked the interior minister of North Ossetia and the regional head of the FSB security service, one week after the massacre at a school in the republic, the Kremlin press service said."
1,Red Cross deeply concerned by humanitarian law violations in Iraq,The International Red Cross is  quot;deeply concerned quot; at the impact of the fighting in Iraq and the apparent failures by all sides to respect humanitarian laws.
1,Suspected Islamic insurgents kill 16 people in attack near &lt;b&gt;...&lt;/b&gt;,"Suspected Islamic militants killed 16 people in a pre-dawn attack south of the Algerian capital on Saturday, an official statement said."
1,Sept. 11 DVDs Present Nation in Mourning,LOS ANGELES - One film provides a positive message of unity. Another dramatizes the president's difficult days...
1,8 Terror Suspects Appear in British Court,"LONDON - Eight suspects, including a man identified by the United States as a senior al-Qaida figure, appeared in a London court under heavy guard Wednesday as police investigated their alleged plot to commit murder and to cause mayhem with chemical, biological or radioactive materials.    A prosecutor also said police were searching about 100 computers and thousands of files, suggesting a protracted investigation that could produce more charges against the suspects, who were seized in raids across England two weeks ago..."
1,Forces Boost Urged to Halt Darfur Killings,Calls for the deployment of substantial African forces to Sudan to end the slaughter in Darfur were agreed by Liberal Democrats today.
1,14 arrested for anti-government rallies in Jeddah and Riyadh,"JEDDAH/RIYADH: Security forces detained about 14 people on Thursday in Saudi Arabias main cities of Jeddah and Riyadh, deploying in force to confront demonstrations called by a dissident Islamist group against the strictly conservative regime."
1,Security tightened in Madhya Pradesh #39;s Chambal belt,"Security has been tightened and alert sounded in entire Chambal belt of Madhya Pradesh on Saturday following massacre of 13 villagers by the dreaded Gadaria dacoit gang, while authorities were discussing new strategies to check the gang #39;s activities."
1,Acquittal of Iran nuclear programme qualified,"The United Nations (UN) has said on Monday that, as far as it knows, Iran had not diverted any nuclear materials to a weapons programme - a verdict diplomats said undermined the "
1,ASEAN eyes European model,"Vientiane (AsiaNews/Agencies) - This morning the Conference of the Association of South-East Asian Nations (ASEAN) opened in Vientiane, Laos."
1,"Strong Quake, Aftershocks Hit Japan; at Least 6 Dead"," TOKAMACHI, Japan (Reuters) - A powerful earthquake and  strong aftershocks rocked northern Japan, killing at least six  people, injuring more than 500 while knocking out power and  phone services and forcing thousands to evacuate, media said."
1,Conference Urges Iraq To Involve Opposition,Representatives of two dozen nations and international organizations attending a conference on the future of Iraq pressed the country's interim government Tuesday to work harder to encourage opposition forces to participate in elections scheduled for January.
1,ETA lets off small bombs in seven Spanish cities,On the anniversary of the Spanish Constitution yesterday ETA let off seven small explosive devices in as many Spanish cities. The blasts took place almost simultaneously at around 13.30 hours in Santillana 
1,Pardon request draws Chechens #39; ire,"MOSCOW - Amid rising ethnic tensions in the North Caucasus, thousands on Tuesday took to the streets of Grozny, the Chechen capital, to protest the proposed pardon of a Russian army colonel who murdered a young Chechen woman."
1,Bill Overhauling Intelligence Faces Uncertain Fate in Senate,The Senate opened a floor debate today and moved toward a final vote on a bill endorsed by 9/11 commission leaders.
1,New Vote of Confidence in European Parliament Tomorrow,The European Parliament (EP) will hold a vote of confidence in the new members of the European Union (EU) Commission led by Jose Manuel Barroso tomorrow.
1,Allawi sounds note of gravity on war,"BAGHDAD In his first speech before the interim national assembly here, Prime Minister Ayad Allawi gave a sobering account Tuesday of the threat posed by the insurgency, saying that the country #39;s instability was a  quot;source of worry for many people quot; and that "
1,Sharon #39;s bold move in Gaza,Tuesday #39;s vote in the Israeli Knesset in favor of Prime Minister Ariel Sharon #39;s plan for unilateral withdrawal of settlers and soldiers from Gaza was a historic moment in the history of Israel.
1,'Final Call' for Rebel Iraqi Cleric,"Shiite Muslim cleric Moqtada Sadr rejected one of the government's two key demands, increasing the prospect of an intensified military attack against his militia."
1,Iraqi group threatens to kill missing journalist,BAGHDAD - A militant group has released a video saying it kidnapped a missing journalist in Iraq and would kill him unless US forces left Najaf within 48 hours. 
1,US embassy in Haiti closed to mark day of reflection,"The US embassy in Haiti was closed on Friday to mark a national call for an end to violence inthe strife-torn country, State Department spokesman Richard Boucher said at a news briefing."
1,Queen #39;s visit stirs Anglo-German past,"The queen, hoping to further reconciliation between Britain and Germany, has urged the two former World War Two foes to learn from history but not be obsessed by the past and to reject national stereotypes."
1,"Suicide Bomber Kills 1, Wounds 3 in Jerusalem","A female Palestinian suicide bomber blew herself up at a bus stop in Jerusalem on Wednesday, killing one person and seriously wounding at least three others, Israeli authorities said."
1,"Woman, 79, Accused of Cocaine Smuggling (AP)","AP - A 79-year-old woman has been caught attempting to smuggle heroin out of Colombia on a flight to New York, police said Friday."
1,CBS Says It Can't Vouch for Bush Documents,CBS admitted today that it cannot vouch for the authenticity of documents used to support a story that questioned President Bush's National Guard service.
1,First black judge joining British High Court,"Britain appointed its first black High Court judge yesterday and she predicted she would be ''the first of many. quot; The Department for Constitutional Affairs confirmed the appointment of Linda Dobbs, 53, the first black lawyer promoted beyond the ranks of circuit judges, who hear lesser cases. Joining the High Court will give her access to some of the country's most ..."
1,S.Africa Says Thatcher Must Answer Equatorial Guinea (Reuters),"Reuters - Mark Thatcher must\submit to questioning in a South African court this week over\charges he was involved in a foiled coup plot in oil-rich\Equatorial Guinea, the Cape High Court ruled Wednesday."
1,EU agrees to membership talks with Turkey,"HAMISH ROBERTSON: In an historic decision, the leaders of the European Union have agreed to open membership talks with Turkey, after the Turkish Prime Minister pledged to recognise the Greek-Cypriot Government next year."
1,Al-Baradai in S Korea,"The head of the UN nuclear watchdog has said he is aware nuclear experiments South Korea has conducted were small, but noted his agency needs to make sure they will not be repeated."
2,Second Andre win in a row boosts US gold medal hopes,"Andre Dirrell, fighting with a tattoo of his grandfather #39;s face on his back, assured the United States of at least two boxing medals Wednesday by narrowly beating Cuba #39;s Yordani Despaigne to advance to the Olympic middleweight semifinals."
2,NFL Game Summary - Kansas City at New Orleans,"Tight end Tony Gonzalez caught six passes for 71 yards for the Chiefs, who have scored 38 points on their initial drive of the game this season...Safety Jay Bellamy and Fakhir Brown each made nine tackles for the Saints, whose last home win over Kansas "
2,Team as we know it is history,"The news comes fast and furious. Pedro Martinez goes to Tampa to visit George Steinbrenner. Theo Epstein and John Henry go to Florida for their turn with Pedro. Carl Pavano comes to Boston to visit Curt Schilling. Jason Varitek says he's not a goner. Derek Lowe is a goner, but he says he wishes it could be different. Orlando Cabrera ..."
2,Colts carry hot streak into Detroit,"The Indianapolis Colts have been on the fast track since October gave way to November. Thursday in Detroit #39;s Ford Field, they #39;ll share the traditional Thanksgiving Day "
2,NCAA denies reinstatement request for Mike Williams,"The NCAA refused to reinstate Southern California All-American Mike Williams on Thursday, leaving the star receiver unable to rejoin the top-ranked Trojans after being shut out of the NFL draft by the courts."
2,"Cubs, Marlins Split","The Cubs briefly lead the NL wild-card standings after winning the first game of a doubleheader with the Marlins, but lose the sceond."
2,"Mutombo says he #39;s being traded to Rockets; will back up, mentor &lt;b&gt;...&lt;/b&gt;","Dikembe Mutombo, 38, has agreed to a sign-and-trade deal that will send him from the Chicago Bulls to Houston in exchange for Eric Piatkowski, Adrian Griffin and Mike Wilks, the Houston Chronicle reports."
2,NL notables,Montreal's Tony Armas Jr. was a late scratch for his start at Philadelphia because of tendinitis in his right shoulder.
2,It #39;s on to LA for the Giants,"Bee Staff Writer. SAN DIEGO - The San Diego Padres returned the favor, and the playoff-chasing Giants gladly accepted it before a disappointed record crowd of 45,389 at Petco Park."
2,Yankees Seek to Keep Pitcher Jon Lieber (AP),"AP - After watching their starting pitchers struggle for much of the season, the New York Yankees would like to bring Jon Lieber back for 2005."
2,Chelsea v Porto,Defender Wayne Bridge is in contention for Chelsea after missing the weekend win at Middlesbrough due to a knock suffered in the draw against Tottenham.
2,Badgers fans hyped about teams undefeated season,"Never in the University of Wisconsin football programs 115-year history have the Badgers been 10-0. That could happen today in East Lansing, Mich."
2,"Brown Struggles Early, but Yankees End It Fast","Kevin Brown flirted with danger in the early innings, allowing the Blue Jays to take a 4-0 edge before the Yankees finally solved the Toronto lefthander Ted Lilly."
2,She #39;s Archie in doubt for cup,Last year #39;s Melbourne Cup runner-up She #39;s Archie is in grave doubt to take her place in this year #39;s field after missing trackwork yesterday morning because of  quot;general soreness quot;.
2,Bentley comes home just ahead of NE-10 crowd,"The Northeast-10 Conference race is entering the final third of the season, and the four teams atop the standings are separated by just a half-game."
2,Brazilian striker dies during Indian club match,Brazilian striker Cristiano de Lima Jr died yesterday after collapsing on the field during a domestic club tournament in the southern Indian city of Bangalore.
2,Turnovers cost Bengals in tough loss,"To beat the defending Super Bowl champion New England Patriots anywhere, let alone at Gillette Stadium, it takes a spotless effort."
2,Yankees beat Twins 6-to-5,The New York Yankees beat the Twins 6-to-5 Saturday to advance to the AL Championship. They will play the Boston Red Sox. Ruben Sierra hit a three-run homer in the eighth inning.
2,Brockton has its lines down pat,Brockton reached the postseason by controlling the line of scrimmage and it wasn't about to change its game plan.
2,Spotlight shines on quarterbacks,"They couldn't be more different. One is the prototype quarterback, seemingly built using the create-a-player function from a video game, standing tall in the pocket and firing laser beams across the field."
2,Ravens - Bills: Game Notes,"COMPOSED: With Lewis serving the first game of his two-game suspension for violating the NFL substance-abuse policy, Chester Taylor was effective and decisive in his debut."
2,Report: Pennington Set to Sign Extension with Jets (Reuters),Reuters - The New York Jets and\quarterback Chad Pennington are close to a deal that would make\the quarterback the highest- paid player in franchise history.
2,Fiddling while Madrid burns,The extraordinary news that Jos Antonio Camacho offered up his resignation on the Sunday after the Espanyol defeat was a fitting end to a fascinating week in La Liga.
2,Nebraska holds on for victory,Nebraska capitalized on four Pittsburgh turnovers and batted down a pass in the end zone on the game's final play yesterday to preserve a 24-17 win in the first meeting of the teams since 1958.
2,Ricky Must Pay,"An arbitrator ruled yesterday that tailback Ricky Williams, who retired just before training camp, must repay the Dolphins \$8.6 million."
2,Lehmann gives evidence at hearing into Hookes #39; death,Darren Lehmann gave evidence Monday at the committal hearing of a man charged in the death of former international cricketer David Hookes.
2,Rescue mission for The Rocket,"Not that the Astros were tight heading home down 0-2 to the Cardinals, but knowing Roger Clemens would be taking the mound for Saturday #39;s Game 3 of the National League Championship Series had to be a comforting thought."
2,Boxing: Khan will keep feet on ground,TEENAGE boxing sensation Amir Khan punched is way to an Olympic silver medal yesterday - then worried about his homework and passing his driving test.
2,No Urban renewal for fading Notre Dame,"NEW YORK - When Notre Dame fired Tyrone Willingham earlier this week, there was a strong feeling among certain influential Board of Trustees members that the university had to move immediately or risk losing coveted Utah coach Urban Meyer to another school "
2,James fumbles away Colts #39; chances,"Not once, but twice Edgerrin James thought that his knee had touched the ground, that he had put the Indianapolis Colts in a position to score points."
2,Former star Murphy testifies in sex assault trial,"HOUSTON - Taking the stand in his own defense, Hall of Fame basketball player Calvin Murphy denied allegations that he sexually abused five of his 10 daughters."
2,Orgeron to finalize deal with Rebels,"Ed Orgeron, Southern California #39;s assistant head coach and defensive line coach, has agreed to become the new coach at Mississippi, USC athletic department sources have told ESPN."
2,JETS STARRING IN  #39;SURVIVOR #39;,"With Quincy Carter filling in for the injured Chad Pennington, the Jets #39; season is far from over. Just listen to the TV football experts."
2,Italian carmaker revels on home course,"MONZA, Italy -- Brazilian Rubens Barrichello led a Ferrari 1-2 in the Italian Grand Prix on Sunday to trigger a homecoming party for the Formula One champions."
2,Baseball #39;s image getting Creamed,"it #39;s the sport that won #39;t die, no matter what. You can have gamblers, psychotic fans, spouses that blab and players who cork."
2,Francis Makes Magic in Opener,"Steve Francis completed a spectacular debut with a driving layup just before the final horn Monday night, leading the Magic to a 93-92 victory over the Milwaukee Bucks in the NBA season opener for both teams."
2,Five Cities to Make Olympic Presentations (AP),AP - IOC president Jacques Rogge said the five cities bidding for the 2012 Olympics accepted his advice and agreed to stop complaining about each other.
2,Hurtin #39; for certain Grossman injured late in Bears #39; loss to &lt;b&gt;...&lt;/b&gt;,"Player of the game: Minnesota QB Daunte Culpepper passed for 248 yards and two TDs, and also ran for a score. Key stat: The Bears had 14 penalties for 101 yards."
2,Tennis Masters - Houston USA,"Though Tim Henman may be considerably more senior than some of his more illustrious opponents at this weeks Tennis Masters Cup, he isnt quite old enough to recall the Apollo programmes famous moon shots and the sound of Mission Control at Houston "
2,Bengals finish strong,"BALTIMORE -- First, Carson Palmer tossed the ball all over the field during his finest day in the NFL."
2,"Some won, some lost, but Greece triumphed over all","ATHENS - We owe them an apology, oh yes we do. The Greeks pulled off the Olympic Games after we said they did not have a prayer, and now there #39;s but one way to make it right: The Summer Games belong here "
2,Australia cruise into semifinals,"London, Sept. 16. (PTI): World Champions Australia sounded a stern warning to their rivals as they thumped New Zealand by seven wickets in a Group A league match and entered the semifinals of the ICC Champions Trophy one-day cricket tournament."
2,Early to rise? Not for UConn," quot;I think the game played out probably the way I thought it would play out, quot; he said.  quot;I can #39;t say that I #39;m really, really that surprised."
2,Henman gains Masters place,What had appeared a potentially awkward couple of days for Tim Henman were transformed into sweetness and light yesterday morning when he qualified for the eight-man end-of-season Masters Cup in Houston in a fortnight #39;s time without the need to win a 
2,Anderson makes NHRA history with US Nationals win,"Greg Anderson has so dominated Pro Stock this season that his championship quest has evolved into a pursuit of NHRA history. By Bob Hesser, Racers Edge Photography."
2,Man Guilty in Death of Olympian #39;s Brother,"LOCK HAVEN, Pa. Oct. 14, 2004 - A former college football player was convicted of murder Thursday in the beating death of the brother of Olympic wrestler Sara McMann."
2,"Falcons keep heat on Bulger, RBs","He #39;s a cool guy, a borderline lunatic, someone who can jam the hell out of a Strat. He #39;s got a temper that #39;s quicker than Michael Vick and spent some time last week talking football "
2,'Dream Team' Out of Gold Race After Loss to Argentina, ATHENS (Reuters) - The U.S. men's basketball team was  beaten by Argentina and booed off the court by the crowd on  Friday as it was denied an Olympic gold medal for the first  time since 1992 when NBA players started competing.
2,Curacao Rallies to Beat Taiwan 9-8 in LLWS (AP),"AP - Down four runs with only three outs left, Curacao manager Vernon Isabella thought his team's run for a championship was over. That was until Jonathan Schoop led an unlikely rally."
2,Charlotte Bobcats Pick Up Option on Ely (AP),AP - The Charlotte Bobcats picked up the option on center Melvin Ely for the 2005-06 season.
2,Cavaliers Flatten Zips,"Wali Lundy runs for three touchdowns for the third straight game and Marques Hagans threw two scoring passes to Heath Miller as Virginia stifled Akron, 51-0, Saturday."
2,Anthony cited for marijuana possession,"Carmelo Anthony was cited for marijuana possession before getting on a team flight last week, but the Denver Nuggets #39; star says the drug was left in his backpack by a friend."
2,Women's Preview: Time for Some New Stars (AP),"AP - No Diana Taurasi, no Alana Beard. Nicole Ohlde is gone and so is Nicole Powell. Lindsay Whalen and Kelly Mazzante? They've moved on, too. A class that might have been the best in women's basketball is no longer around. It's time for some new stars to emerge."
2,Woodgate re-injures thigh during scrimmage,"Madrid, Spain (Sports Network) - Real Madrid and English international defender Jonathan Woodgate re-injured his left thigh during practice Thursday."
2,Homer-happy Mariners end skid,A four-pitch sequence in the fifth inning Friday night produced something the Mariners hadn #39;t done in nearly eight years. Miguel Olivo hit a home run to left-center field.
2,Durham provides Dark Blues masterclass,"Oxford, the pre-match favourites, reclaimed the MMC Trophy in one of the better Varsity matches for some time here yesterday. But this, the 123rd staging of the annual amateur "
2,Wilkinson named as England captain,"Flyhalf Jonny Wilkinson, who kicked the winning drop goal in last November #39;s World Cup final against Australia, has been named as England captain."
2,Former UConn Aide Pleads in Sex Case (AP),AP - The Connecticut assistant men's basketball coach who resigned after being arrested in a prostitution sting agreed Monday to perform 10 days of community service and undergo counseling.
2,"College Basketball: Pitt, Texas Roll to Easy Wins"," NEW YORK (Sports Network) - Carl Krauser scored 17 points,  grabbed seven rebounds and handed out four assists to lead No.  11 Pittsburgh over Memphis, 70-51, in the Jimmy V Classic from  New York's famed Madison Square Garden."
2,Wildcats on the rise with Santos,"The University of New Hampshire's impressive 51-40 road victory over 10th-ranked Villanova Saturday night vaulted the Wildcats three spots to ninth in this week's Sports Network 1-AA football poll, while dropping Villanova to 14th."
2,Suzuki singles into history,"SEATTLE - Chasing a nearly forgotten ghost of the game, Ichiro Suzuki broke one of baseball #39;s oldest records Friday night, smoking a single up the middle for his 258th hit of the year and breaking George Sisler #39;s record for the most hits in a season "
2,CLASS ACT,ALAN Shearer and Patrick Kluivert teamed up to fire Newcastle into the group stage of the Uefa Cup. It was a striking master-class in Tel Aviv.
2,Sweeping giants: US dominates 200,"A disruptive Greek chorus of whistles, chanting, and catcalls could not derail a crowd-silencing American sweep in the men #39;s 200-meter dash at the Olympic Games last night."
2,Steelers Backups End Bills' Playoff Hopes,"The Pittsburgh Steelers are so good that they ended Buffalo's playoff hopes with their backups. Fourth-string running back Willie Parker had 102 yards rushing and backup linebacker James Harrison returned a fumble 18 yards for a touchdown, helping seal the Steelers' 29-24 win over Buffalo on Sunday. The Steelers won their 14th straight to match the record set by Miami in 1972 and became just the fourth team in NFL history to finish 15-1."
2,Rauffer Beats Favorites to Win Downhill," VAL GARDENA, Italy (Reuters) - Max Rauffer became the first  German man in nearly 13 years to win an Alpine ski World Cup  race when he beat the favorites in a wind-affected downhill on  Saturday."
2,Eagles not striking but can go bowling,"Tom O'Brien just couldn't figure it out. The Boston College coach seemed momentarily stumped when asked to take stock of how the Eagles had reached this point of the season. With three games left, BC has a 6-2 record (2-1 Big East), is ranked No. 24 in the Associated Press Top 25 (No. 25 in the ESPN/USA Today coaches poll), ..."
2,"Before Rape Arrest, Bryant Expressed Fear to Police","In his first comments to the police on the night he was accused of rape, the basketball star Kobe Bryant was scared about what happened and may have conceded lying to "
2,Leaving behind their legacy,"A seasonlong celebration commemorating 20 years in NASCAR has turned to mourning for car owner Rick Hendrick, whose father died in July and whose brother and only son died Sunday in a private plane crash."
2,LEVERKUSEN LEAVE IT LATE,Two goals in five minutes rescued a point for Bayer Leverkusen as they staged a late fightback against Nurnburg. Sven Muller opened the scoring for the visitors and a Diego Placente own goal midway through 
2,Soldering plays Spadea next,"LYON, France -- Robin Soderling made sure none of the top four seeds would reach the semifinals of the Lyon Tennis Grand Prix. Soderling upset the highest seed remaining, No."
2,BENITEZ PREPARES FOR BRAZILIANS,Rafael Benitez accepts he must plan to stop a Brazilian double act if Liverpool are to emerge unscathed from their European examination in Greece.
2,Federer crushes Hewitt to win US Open,Swiss maestro Roger Federer has produced a devastating display of tennis to crush Lleyton Hewitt in a one-sided US Open final at Flushing Meadows.
2,In The Fast Lane: Busch wins NASCAR title,"HOMESTEAD, Fla. -- Kurt Busch got his first big break in NASCAR by winning a 1999 talent audition nicknamed  quot;The Gong Show. quot; He was selected from dozens of unknown, young race drivers to work for one of the sport #39;s most famous team owners, Jack Roush."
2,Bailey welcomes Azeri to the Breeders #39; Cup Classic,Jerry Bailey greeted the shift of the champion mare Azeri to the \$4 million Breeders #39; Cup Classic as a double shot of good news.
2,THIS WEEKS COLTS OPPONENT,"Colts.com. Synopsis: The Colts, in their first game of the season, will play the team they faced in their last game last season: the New England Patriots."
2,Hamm gold by a sliver,"ATHENS - Paul Hamm feared he had blown a shot for a medal when he stumbled at the end of his performance in the vault, his fourth event in the six-event men #39;s individual all-around final. But the freckle-faced gymnast from Wisconsin ..."
2,"BoSox Rip N.Y. 12-5, Protect AL East Hope (AP)",AP - The Boston Red Sox blew out the Yankees and made sure New York can't clinch the AL East in Fenway Park. Manny Ramirez doubled in the tiebreaking run during a seven-run eighth on Saturday night and the Red Sox beat New York 12-5 to preserve their chances of an AL East title. Jason Varitek and Doug Mirabelli each doubled in two runs in the inning.
2,NHLPA Disputes Claims,"The NHLPA said on Thursday that its 24 percent salary rollback would produce a \$275.5 million profit for teams as opposed to a \$568.5 million loss, as stated by the NHL."
2,Transsexual drives off to score a first on the golf course,"Golf is not a sport renowned for being at ease with gender issues. Many of the game #39;s great clubs refuse to admit women, and the occasional inclusion of women in men #39;s professional tournaments has caused consternation from Arran to Augusta."
2,"Federer, Hewitt ready for US Open rematch in Houston","Houston, TX (Sports Network) - Reigning world No. 1 Roger Federer and former top-ranked star Lleyton Hewitt will meet in a blockbuster  quot;Red Group quot; round- robin match Wednesday at the ATP #39;s season-ending Tennis Masters Cup."
2,Sharing wealth was golden idea,"Kindergarten must have been good to LeBron James. With sharing at the top of that year's lesson plan, James might have collected a lot of gold stars for his behavior."
2,Woe are the Red Sox? maybe next week,"And, so, pending World Series gaffes, please, what we know about the Boston Red Sox is that they are not, after all, immune to the Heimlich maneuver."
2,Knicks #39; defense consistently bad,"The list of  quot;bests, highests and biggests quot; accomplished by Toronto in its 114-91 blowout of the Knicks on Wednesday night at the Air Canada Centre really was quite impressive."
2,Brooks Returns,Star sophomore linebacker Ahmad Brooks is back with the first string after a curious demotion prior to the season-opening win over Temple last Saturday.
2,Australian Football: Melbourne sidelined as Brisbane and Port &lt;b&gt;...&lt;/b&gt;,The Australian Football League Grand Final between Brisbane Lions and Port Adelaide on Saturday marks an epoch for Australia #39;s favorite spectator sport.
2,Bad case of shakes,"As long as the last ember flickered in their fading bonfire of opportunity, the Red Sox planned to keep hope alive. As long as they clung to a faint chance of catching the Yankees for the American League East title, they vowed to play as if they could achieve the unfathomable."
2,Favre's Mother Falls Ill on Book Tour (AP),"AP - Brett Favre's mother was hospitalized Thursday with stomach pains, interrupting her book tour."
2,Saturday qualifying at Japanese GP postponed due to typhoon,Qualifying for the Japanese Grand Prix scheduled for Saturday was postponed Friday because a typhoon was approaching the area. Race organizers and Formula One moved pre-qualifying and 
2,Singh tops \$10 million with win,Singh claimed his ninth win Sunday - the most on the PGA Tour in 54 years - as he cruised to a five-stroke victory at the \$5 million Chrysler Championship.
2,"Tennis: Agassi, Hewitt Advance to Legg Mason Semifinals","Two former world-number-one tennis stars, American Andre Agassi and Lleyton Hewitt of Australia, have advanced to the semifinals of the Legg Mason Classic in Washington."
2,American Aaron Peirsol's Gold Restored on Appeal, ATHENS (Reuters) - Aaron Peirsol was awarded gold in the  men's 200 meters backstroke at the Athens Olympics on Thursday  after winning an appeal against his disqualification then  surviving a protest from the British and Austrian teams.
2,Ball kids get makeover at Madrid tennis event,"Women in black tank tops and white, knee-length skirts chased errant shots during Albert Costa #39;s 6-2, 5-7, 7-5 victory over Irakli Labadze."
2,D-Backs made wise choice,"Fresh off being the worst team in baseball, the Arizona Diamondbacks set a new record this week: fastest team to both hire and fire a manager."
2,Nedved quits international scene,Czech Republic midfielder Pavel Nedved has announced he is quitting international football to concentrate on his club career with Juventus.
2,Bradley's Appeal Rejected,The Ohio Supreme Court rejects former Indians outfielder Milton Bradley's appeal of a three-day jail sentence he received after driving away from police who were trying to give him a speeding ticket.
2,England profit from waiting game,Michael Vaughan and his fellow batsmen can take great credit for transforming England #39;s one-day side from no-hopers into potential Champions #39; Trophy winners.
2,Rangers steering through recent skid,"With a little under three hours to go before the first pitch of a crucial series with the Red Sox, the Texas Rangers -- losers of four straight games -- looked anything but concerned about their immediate fate on the diamond."
2,Australia Bats First in Second Cricket Test Against NZ,Australia captain Ricky Ponting won the toss and chose to bat first against New Zealand in the second and final cricket Test at Adelaide.
2,Robinhos Mom Comes Home Safe,"The kidnapped mother of Santos starlet Robinho has been returned to her family in good health, allowing the teenage forward to breath a huge sigh of relief."
2,South Africa pushes ahead with its bid for a GP,"South Africa is progressing with its plans to host a round of the F1 World Championship from 2007 onwards. South Africa last held a F1 grand prix in 1993, which was won by Alain Prost, and is now keen to return to the F1 fold."
3,US house sales fall in July,Sales of non-new houses in the US fell last month but still exceeded analyst forecasts.
3,DJ to acquire MarketWatch,"Dow Jones  amp; Co., publisher of the Wall Street Journal, says it has agreed to buy online news site MarketWatch Inc. in a \$519 million deal that widens its Internet audience."
3,Dollar hits new low on Snow speech,"The United States supports a  quot;strong dollar, quot; Treasury Secretary John Snow said, while suggesting the Bush administration will not act to boost its value. His comments sent the currency plunging to a record low against the euro."
3,Yukos executives 'flee' Russia,All the top executives at Russian oil giant Yukos have fled the country in fear of arrest as the government seeks to sell off its main asset.
3,Smithfield quarterly profits beat outlook,"SMITHFIELD, Va. Meat processor Smithfield Foods says its income more than doubled in the most recent quarter. The company cites improved profitability in the hog production segment, combined with strong results "
3,Morgan Stanley cracks in 3Q,"Investment bank misses estimates as trading income plunges, other units fail to pick up the slack. By Rob Cox, Breakingviews. LONDON (Breakingviews) - Morgan Stanley is the first to slip."
3,ING Names Business Units in Trade Woes,"ING Groep NV has disclosed new details of trading improprieties in its mutual funds and variable-insurance products, but research firm Morningstar Inc."
3,"Lennar Profit Up 12 Pct, Shares Fall","Home builder Lennar Corp. (LEN.N: Quote, Profile, Research) on Monday reported a 12 percent rise in quarterly profit and raised its forecasts for the current and following year, citing a stable economy."
3,"US manufacturing activity picks up, construction surges to record &lt;b&gt;...&lt;/b&gt;","US manufacturing activity remained strong in September and construction spending surged to a record high in August, according to a pair of reports issued Friday that provided an optimistic look at the sturdiness of the economy."
3,Ottawa Says Time to Stop Protecting Air Canada,"The Canadian government, in a radical shift, said on Friday it was time to stop protecting national carrier Air Canada as it mulled whether to lift foreign ownership restrictions on the country #39;s airlines."
3,Russia Delays Review of Yukos Subsidiary Licenses,Russia #39;s Natural Resources Ministry has postponed consideration of whether to suspend the licenses of the main subsidiary of the troubled giant oil firm Yukos.
3,National union leaders set a timeline for change,"November 11, 2004. WASHINGTON -aced with the impact of labor #39;s political loss on Nov. 2, the AFL-CIO Executive Council decided on Nov. 10 on a timeline for changes in the union movement "
3,BA launches inquiry,"The chief executive of British Airways, Rod Eddington, says he will carry out an investigation into the staff shortages that caused flight cancellations this week."
3,FT gets Collins Stewart claim struck out,The Financial Times today won its action to strike out a record 230.5m libel damages claim from City brokers Collins Stewart that could have closed down the pink paper.
3,Things better without Conway?,"PeopleSoft Inc., in the midst of fighting a takeover bid from Oracle Corp., is  quot;in better shape quot; because of the departures of Chief Executive Craig Conway and a senior technology official, a director testified."
3,Bank of Montreal to acquire Indiana-based institution,Toronto (Dow Jones) -- Bank of Montreal on Wednesday said it agreed to acquire Mercantile Bancorp Inc. for \$156.5 million as it moves to expand in the Midwest region of the United States.
3,Vodafone 'OKs Verizon Sprint bid',US telecoms firm Verizon is reported to have won the backing of mobile partner Vodafone for a bid for US rival Sprint.
3,Third Quarter Gannett Earns Up 11 Percent,"NEW YORK - Gannett Co., the largest newspaper publisher in the country, reported an 11 percent increase in third-quarter earnings Tuesday on gains in advertising, particularly classified real estate and help-wanted ads."
3,Samsung Faces Concerns Over Margins," SEOUL (Reuters) - Concern over falling profit margins at  Samsung Electronics Co. Ltd. grew on Thursday as the company  said it was spending more on handset marketing and a top broker  issued a ""sell"" rating on its stock for the first time in  years."
3,"Wall Street Faces 2 Elections, Not Just 1 (Reuters)",Reuters - The waiting game for the U.S.\presidential election ends two weeks from Tuesday -- but then\investors can turn over the timer and start again.
3,Indian Central Bank Raises Key Rate to Curb Prices (Update2),"India #39;s central bank unexpectedly raised a key interest rate for the first time in four years, saying record oil prices and rising corporate demand for credit threaten to fuel inflation."
3,Coke is it: BHP coal to double,BHP Billiton plans an aggressive \$US1.5-2 billion (\$2.1-2.8 billion) near-doubling of its coking coal production over the next five years to meet the China-inspired surge in demand for carbon steel-making materials through mine expansions and developments 
3,Video game giants roll out products,Nintendo Co. and Sony Corp. made separate product announcements Tuesday that the video game giants hope will attract more customers ahead of the highly competitive holiday shopping season.
3,Oil prices up on Yukos woes,"NEW YORK -- Oil prices broke above \$46 yesterday after Russian oil giant Yukos said it would cut some oil shipments to China, the first toll on exports from the company's financial turmoil."
3,"Australia #39;s S amp;P/ASX 200 Falls; Origin Declines, Woodside Climbs",Australia #39;s S amp;P/ASX 200 Index fell for a third day. Origin Energy Ltd. declined after New Zealand #39;s Contact Energy Ltd.
3,Harmony Grabs Hold of Gold Fields,HARMONY is set to become the world #39;s biggest gold producing mining company in just four months. This week Harmony moved closer to successfully concluding its hostile bid for rival Gold Fields.
3,"UPDATE 2-Blockbuster cuts online price, challenges Netflix","Video chain Blockbuster Inc (BBI.N: Quote, Profile, Research) on Friday said it would lower the price of its online DVD rentals to undercut a similar move by Netflix Inc."
3,Twinkies maker in crisis,There #39;s an old saying in the business world when a sale seems all but assured: It was as easy as selling Hostess Twinkies. That may no longer be true.
3,Revlon 3rd-Quarter Loss Widens," CHICAGO (Reuters) - Cosmetics maker Revlon Inc. &lt;A HREF=""http://www.investor.reuters.com/FullQuote.aspx?ticker=REV.N target=/stocks/quickinfo/fullquote""&gt;REV.N&lt;/A&gt; on  Wednesday said its third-quarter net loss widened on  refinancing costs and declining sales."
3,BAE buys Pentagon contractor,"British defense firm BAE Systems has agreed to pay \$600 million (333.7 million pounds) for DigitalNet Holdings, a maker of secure Pentagon computer networks, the companies say in a weekend statement."
3,US Newspapers and their Audience,"USA Today is read by people who think they ought to run the country but dont really understand the Washington Post. They do, however, like their smog statistics shown in pie charts."
3,Yukos files for bankruptcy protection in Bush #39;s backyard,Russian oil giant Yukos yesterday increased the stakes in its battle with the Kremlin when it filed for bankruptcy in the United States in an unusual move possibly intended to pitch Washington against Moscow.
3,Study May ID Source of Vioxx Problem,"Nov. 11, 2004 -- A private research team claims to have identified a unique action of the painkiller Vioxx, which is independent of its anti-inflammatory action, that might explain why it #39;s linked to heart "
3,European Shares Tread Water, LONDON (Reuters) - European shares traded sideways on  Wednesday but banks were a bright spot as Britain's HBOS  rallied on relief it would not be wading into a bidding war for  domestic peer Abbey.
3,Oil Climbing Back Up After Supply Report, LONDON (Reuters) - Oil prices rebounded from seven-week  lows on Wednesday as U.S. heating oil stocks fell for an eighth  straight week ahead of winter.
3,Asian telecom firms come together,Seven Asian telecommunications firms are coming together to invest between \$30m and \$40m (16.3m and 22m) in new mobile phone services and technology.
3,"Employers Add 112,000 New Jobs in Nov.","Employers slowed their hiring as they headed into the holiday shopping season, adding just 112,000 new jobs in November for the weakest gain in five months."
3,"Amazon.com, Microsoft sue spammers,  #39;phishers #39;",Amazon.com Inc. and Microsoft Corp. have filed several lawsuits in various Seattle courts aimed at computer spammers and  quot;phishers quot; who use a look-alike Amazon.
3,Boston Scientific to Offer Senior Notes,Medical device maker Boston Scientific Corp. on Monday said it is launching a public offering of two series of its senior notes to repay commercial paper borrowings and for general corporate purposes.
3,KPMG Units Agree to Pay to Settle Malpractice Suits,"The American and Belgian arms of KPMG International, a global accounting cooperative based in Switzerland, have agreed to pay \$115 million to settle claims of accounting malpractice growing "
3,A cure for shortage?,"It #39;s too late for this year #39;s flu season, but a Canadian drug company yesterday said it has agreed to provide influenza vaccines to Henry Schein Inc."
3,US Stocks Up Slightly After Ford Forecast," NEW YORK (Reuters) - U.S. blue chips edged higher on   Friday after Ford Motor Co. &lt;A HREF=""http://www.investor.reuters.com/FullQuote.aspx?ticker=F.N target=/stocks/quickinfo/fullquote""&gt;F.N&lt;/A&gt; raised its earnings  forecasts, but wireless technology provider Qualcomm Inc.  &lt;A HREF=""http://www.investor.reuters.com/FullQuote.aspx?ticker=QCOM.O target=/stocks/quickinfo/fullquote""&gt;QCOM.O&lt;/A&gt; held back the Nasdaq after saying an accounting review  may reduce pretax income.  "
3,Oracle #39;s next fight seen at boardroom,"LOS ANGLES (CBS.MW) - Following its latest rejection, the next stage in Oracle Corp #39;s battle to buy PeopleSoft is set to begin in a courtroom on Wednesday."
3,VW and unions begin a new round of talks,"HANNOVER, Germany Senior negotiators from Volkswagen and its main union entered another round of negotiations on Tuesday as they worked to reach a cost-cutting contract and head off the first comprehensive strike at the automaker #39;s factories in western "
3,U.S. Stocks Slip as Profit Warnings Weigh," NEW YORK (Reuters) - U.S. stocks slipped on Wednesday after  several companies issued profit warnings, while Fed Chairman  Alan Greenspan's remarks that the economy was pulling out of a  summer soft patch did little to quell expectations for a rate  hike later this month."
3,Jeremy Warner #39;s Outlook: Is anyone safe as Spitzer takes aim at &lt;b&gt;...&lt;/b&gt;,"Is no one safe from Eliot Spitzer #39;s accusing finger? After the investment banking, fund management and pharmaceuticals industries comes the insurance sector, which in a suit filed by the New York attorney "
3,U.S. Oil Clings Near \$47," SINGAPORE (Reuters) - U.S. oil prices hovered near \$47 a  barrel on Wednesday, awaiting data that was expected to show a  big drop in fuel stocks in the United States due to  weather-related disruptions to output and shipments."
3,Rentokil rules out break-up,"Rentokil Initial, supplier of services ranging from security guards and pest control to conferences and exotic plants, has ruled out breaking itself up, despite tumbling profits and a swirl of takeover speculation."
3,HHG gets out of red zone,AMP spin-off HHG plc has produced a pound stg. 46 million (\$A117 million) profit for the six months to June 30 - a massive turnaround from the pound stg.
3,"Stocks Drop on \$49 Oil, Slowing Economy"," NEW YORK (Reuters) - U.S. blue-chip stocks fell  on  Thursday to nearly a five-week low as crude oil touched \$49 a  barrel, close to the record set last month, and a key gauge of  future economic activity fell for a third straight month."
3,Sun Micro Aims to Woo Banking Customers (Reuters),"Reuters - Sun Microsystems Inc.  is\staging its first press and customer event in New York on\Tuesday in three years to roll out new products and woo\customers in the banking industry, one of the network computer\maker's most important markets."
3,Abbey top job for Santander man,"The new owners of Abbey National, Banco Santander Central Hispano, yesterday appointed their own man to head up their 9.1bn acquisition and pledged not to close any of Abbey #39;s 740 branches."
3,Ryanair Could Profit with High Oil - CEO (Reuters),"Reuters - Europe's biggest no-frills\airline, Ireland's Ryanair Holdings Plc , will turn a\profit even if oil prices hit  #36;75 a barrel, Chief Executive\Michael O'Leary was quoted saying on Sunday."
3,"Bank of America to Cut 4,500 More Jobs","The Bank of America Corporation said yesterday that it would cut an additional 4,500 jobs from its ranks, beginning this month, as it simplifies operations."
3,Treasuries Trim Gains After GDP Data (Reuters),Reuters - Treasury debt prices trimmed early\gains on Friday after U.S. economic data proved to be not quite\as weak as some bulls had been betting.
3,Jukebox is reborn for the Internet age,"The Internet has changed the way people listen to music in their personal space. (Think iPod and other portable music players.) Now, it's also changing the way people listen to music in public places, such as restaurants and bars."
3,US Job Cuts Steepest in Eight Months,"up 45 percent from August -- according to a survey released by the outplacement firm Challenger, Gray and Christmas. Compared with a year ago, job cuts were up 41 percent."
3,Dollar Slumps After Weak U.S. Data, NEW YORK (Reuters) - The dollar sagged on Tuesday as softer  U.S. data on Tuesday re-ignited worries that the world's  largest economy has yet to recover from its recent soft patch.
3,Stocks Rise; Healthcare Sector Climbs," NEW YORK (Reuters) - U.S. stocks rose on Wednesday, a day  after a sharp sell-off, as value investors picked up shares in  lagging sectors such as healthcare."
3,US Air Pilots to Vote on Pay-Cut Proposal, WASHINGTON (Reuters) - Bankrupt US Airways took a crucial  step toward securing \$300 million in concessions from its  pilots union late on Tuesday when leaders of the labor group  said they would forward a plan to cut wages and benefits to all  pilots for a vote.
3,No relief as IMF and World Bank talks on poor end in failure,"THE worlds leading finance officials and ministers yesterday failed to reach agreement on debt relief for the poorest nations. Wrapping up a weekend of IMF and World Bank talks in Washington, no agreement appeared to have been secured."
3,PeopleSoft Ousts CEO in Oracle Battle,"In Oct 1 story headlined  quot;PeopleSoft Ousts CEO Amid Oracle Battle, quot; please read in paragraph 16 ... originally offering \$16 a share ... instead of ... originally offering \$19.50 a share ... By Michael Kahn and Martha Graybow."
3,How Millionaires are Born,There's hope for the next generation when teens begin investing their money.
3,Oracle victorious in quest for PeopleSoft,"It #39;s finally over. Business-software maker PeopleSoft (PSFT) agreed to be acquired by rival Oracle (ORCL) for \$10.3 billion Monday, ending 18 "
3,"Despite Mega-Deals, Small Mergers Rule"," Philadelphia (Reuters) - Despite the euphoria of one of the  busiest weeks in U.S. mergers and acquisitions in almost five  years, Wall Street investment bankers cannot live by mega-deals  alone."
3,UPDATE 2-GE sells India back office unit stake for \$500 mln,"General Electric Co. (GE.N: Quote, Profile, Research) , the world #39;s top conglomerate, said on Monday it had sold a majority of its pioneering Indian back "
3,The Health Care Clash Moves to the Next Aisle,Supermarkets face a new showdown as labor unions determined to keep health benefits spar with management trying to compete with Wal-Mart.
3,Halliburton says profit in Iraq is weak,"HOUSTON Halliburton, the oil services company once run by Dick Cheney, the US vice president, reported on Tuesday a quarterly loss and only meager pickings from its vast operations in Iraq."
3,Adobe Posts Sharp Rise in Profit," NEW YORK (Reuters) - Adobe Systems Inc. &lt;A HREF=""http://www.investor.reuters.com/FullQuote.aspx?ticker=ADBE.O target=/stocks/quickinfo/fullquote""&gt;ADBE.O&lt;/A&gt; on Monday  reported a sharp rise in quarterly profit, driven by robust  demand for its Photoshop and document-sharing software."
3,No go for Mitsubishi Fuso buses because of faulty seats,"TOKYO - Japan #39;s Transport Ministry has urged bus operators across the country to idle all buses made by scandal-hit Mitsubishi Fuso Truck and Bus Corporation, after passengers were injured by faulty seats that suddenly broke away from the floor."
3,AT amp; Wireless unveils messaging-only handheld,"AT amp;T Wireless on Monday seemed to be trying to turn back the clock on cell phone design trends when it introduced the Ogo, a messaging-only handheld."
3,Vivendi Flashes V for Victory,"Vivendi (NYSE: V) is one of those complex behemoths of a firm that normally doesn #39;t make it onto my radar since, as a lazy Fool, I prefer my companies small and simple."
3,Hardie feels boycott pain,ASBESTOS-RELATED boycotts of James Hardie products have forced the controversial building products maker to slash its profit forecast.
3,Fireman's Fund says it will keep insuring autos in Mass.,"Fireman's Fund Insurance Co., apparently swayed by recent meetings with a Massachusetts regulator, reversed course yesterday and said it now plans to continue writing auto insurance policies in the state next year."
3,Federal tax staff strike over wages,"OTTAWA -- About 8,000 employees of the federal tax agency walked off the job yesterday in Ontario and BC, including 280 in London, leaving public phone queries unanswered and federal revenue cheques uncashed."
3,LA parking company lands contract renewal with ABIA,Los Angeles-based Ampco System Parking has received a multi-year contract renewal with Austin-Bergstrom International Airport. 
3,"services will make cash flow, says Vodafone","Vodafone, the world #39;s largest mobile phone company, believes it can generate an extra 2.5 billion in cash every year by reducing costs and getting customers to spend more on their phones."
3,"Dutch bank to lay off 2,850 staff","ABN Amro, the Netherlands #39; largest bank, is to cut 2,850 jobs as a result of falling profits. The cuts - amounting to 3 of the bank #39;s workforce - will result in a one-off charge of 790m euros (\$1.1bn)."
3,Circulation investigation hits Times,A wide-reaching federal investigation into newspaper circulation practices has knocked on the door of a fourth New York daily - The New York Times.
3,Consumer Price Index up 0.6 in Oct.,"(Washington-AP) Nov. 17, 2004 - The Labor Department #39;s Consumer Price Index shows a larger-than-expected gain, but combined with Thursday #39;s reading on wholesale inflation, analysts say the picture is one where "
3,Artificial trees grow on Americans,More and more Americans are waking up Christmas morning to find Santa #39;s presents nestled under the plastic branches of an artificial tree.
3,ATA Files for Bankruptcy," LOS ANGELES (Reuters) - ATA Holdings Corp. &lt;A HREF=""http://www.investor.reuters.com/FullQuote.aspx?ticker=ATAH.O target=/stocks/quickinfo/fullquote""&gt;ATAH.O&lt;/A&gt;, parent  of struggling low-cost carrier ATA Airlines, on Tuesday filed  for Chapter 11 bankruptcy protection as falling fares and  soaring fuel prices drained it of cash."
3,Update 8: Yukos Removes Anti-Crisis Plan From Agenda,"Shareholders of the foundering Russian oil giant Yukos will not vote on an anti-crisis plan at a Dec. 20 meeting, the company said in a statement Friday, saying the plan would be impossible to implement in "
3,Jury rules 9/11 was two attacks,"Attaching victory to a string of defeats, a jury yesterday agreed with World Trade Center developer Larry Silverstein #39;s claim that the planes that struck the Twin Towers represented two separate, insurable events."
3,"Stocks Drop on \$49 Oil, Slowing Economy","US blue-chip stocks fell on Thursday to nearly a five-week low as crude oil touched \$49 a barrel, close to the record set last month, and a key gauge of future economic activity fell for a third straight month."
3,IBM to Expand Data Centers Across World," SAN FRANCISCO (Reuters) - IBM is expanding and adding new  technology to 11 of its data centers in North America, Europe  and Asia to meet growing demand and rolled out new services to  customers, the world's largest computer company said late on  Thursday."
3,Knight Steps Down as Nike Chief,"Phil Knight stepped down Thursday as president and chief executive officer of Nike Inc., the athletic shoe and clothing company he co-founded."
3,"BA, Virgin to up fuel surcharge",British Airways and Richard Branson #39;s Virgin Atlantic Airways say they will raise fuel surcharges following similar moves by major European carriers this week as oil prices surged.
3,"Denver storm covers roads in ice, knocks out power.","DENVER - A Halloween storm gave the Denver metro area its first taste of snow for the fall, and dumped even more white gold on top of snow that had already fallen at Colorado #39;s mountain ski resorts."
3,"300,000 seek 3,000 dockworker jobs","LOS ANGELES  Longshore union and port shipping officials yesterday sifted through 300,000 applications submitted as part of a special lottery for 3,000 lucrative temporary dockworker jobs at the nation #39;s largest port complex. "
3,Google Raises \$1.67 Bln in Cut-Price IPO,"NEW YORK/SAN FRANCISCO (Reuters) - Google Inc., the most popular Internet search engine, raised \$1.67 billion on Wednesday in its long-awaited IPO after slashing the price and size of an offer beset by missteps and ..."
3,ADV: Forex Trading: The New Financial Account,"Get real-time rates, free charts and news, as well as a free demo trading account from FXCM - the market maker for Forex trading. Visit the site today."
3,Penn National buys Argosy Gaming Co.,"Argosy Gaming Co., the owner of Sioux City #39;s riverboat casino, has been sold to Penn National Gaming Inc. in a \$1.4 billion deal that would create the nation #39;s third-largest operator of casinos."
3,Telstra in \$750m buyback,"By staff writers and wires. THE nationn #39;s biggest telco, Telstra Corp, is offering shareholders up to \$4.65 per share in a off-market buyback worth \$750 million."
3,PayPal and Apple iTunes link-up,Payment system Paypal announces a tie-up with Apple's iTunes as it continues to secure new business with online retailers.
3,Shares in easyJet fall to all-time low,EasyJet #39;s bumpy ride continued yesterday as shares in the no-frills airline hit an all-time low after it warned that fares will remain under pressure next year.
3,Disney's Eisner Sees Iger as Successor," LOS ANGELES (Reuters) - Walt Disney Co. Chief Executive  Michael Eisner said company President Robert Iger is his  ""preferred choice"" to succeed him in running the entertainment  conglomerate, according to an interview in Sunday's Los Angeles  Times."
3,I was kept in the dark: Anil,"Anil Ambani has written to his brother Mukesh, saying his powers as vice-chairman and managing director of Reliance Industries have been diluted by  quot;keeping him completely in the dark quot;."
3,Administration cuts job growth forecast,"The Bush administration, after being ridiculed by Democrats for an overly optimistic jobs forecast this year, yesterday significantly reduced its forecast for new jobs that will be created in 2005. It slightly boosted its estimate for overall economic growth."
3,China Aviation Oil Says Still in Business,"The main supplier of jet fuel to China is continuing to do business despite a criminal investigation of its US\$550 million (euro414 million) in losses on derivative trading, the company said."
4,Gartner optimistic about chip numbers,"But that optimism isn #39;t matched by Infineon, which said that while the market worldwide remains buoyant, the US is a special case and cautioned that growth might not be as strong as it expected."
4,Fossil Indicates Brown Bears Went South,"CALGARY, Alberta - A fossilized jaw found in an Alberta gravel pit may have cleared up a mystery for researchers wondering how brown bears originally made it across North America."
4,Cryptic responds!,"As reported by The Associated Press, Marvel Enterprises Inc. and Marvel Characters, Inc. have sued NCsoft Corporation and Cryptic Studios."
4,Mozilla backtracks in eBay privacy flap,The Mozilla Foundation has updated the German-language version of Firefox in a bid to defuse a growing controversy over the way its search toolbar handles private customer data.
4,New technique to enhance semiconductors,"Conventional silicon based microchips have been known to be problematic at high temperatures, often due to heat generated by the circuit within while operating at high frequencies."
4,Newfound Comet Set for Winter Display (SPACE.com),"SPACE.com - Donald Machholz of Colfax, \  California, an optician who has been interested in astronomy since age eight, \  discovered nine comets from 1978 through 1994. He has since spent 1,457 hours \  scanning the skies for other comets, without any luck."
4,Intel and AMD battle for dual-core chips,Advanced Micro Devices (AMD) showcased its dual-core x86 Opteron microprocessor this week. The upcoming dual-core CPU for the enterprise enviornment is expected to debut in mid-2005 and was housed in a HP ProLiant DL585 server.
4,Vodafone Peddles New BlackBerry,"Research In Motion #39;s BlackBerry 7100v, which sports the company #39;s latest keyboard technology, is being offered exclusively through Vodafone."
4,US rocket team halfway to winning \$10-million prize,"MOJAVE, CALIF. - A privately built and operated spacecraft roared out of the atmosphere on Wednesday with a historic flight that brings the team one step closer to winning a \$10-million US prize."
4,The IPod's New Trick: Photo Show,The iPod Photo looks and feels exactly like the existing iPod -- except it can display your photos on a bright screen. Should you buy it?
4,Asteroid Toutatis Makes Closest Pass in 651 Years (Reuters),Reuters - An asteroid named for a Celtic god\of war will come as close to Earth this week as it has since\1353.
4,Will Microsoft Lose The Browser Wars?,"Will Microsoft Lose The Browser Wars?\\Until recently, software giant, Microsoft's Internet Explorer Web browser enjoyed a relatively unchallenged position as the most popular Web browser in the world.\\Despite lawsuits and charges of unfair competition from the likes of Netscape and others, Microsoft dominates browser software with over 90 market share.\\Microsoft's ..."
4,HP cues iPod,Hewlett-Packard brands its own version of Apple's music player and introduces a line of consumer products.
4,Faster AMD Athlon 64 #39;s On The Way,"Chips such as the Athlon 64 FX and Intel #39;s Pentium 4 Extreme Edition populate the very top of the desktop market, appearing mainly in game machines fitted with the latest graphics cards and high-performance storage systems to render games with the "
4,Briefly: Piracy crackdown yields \$2.2 million,roundup Plus: Sun draws Nvidia graphics into Solaris...Tibco scoops up software company...PeopleSoft extends customer assurance.
4,General Wireless #39; Technology Opens up New Ways for PC Users to &lt;b&gt;...&lt;/b&gt;,"STOCKHOLM, Sweden, October 11 /PRNewswire/ -- Following an agreement between Vodafone UK, Starhome and General Wireless, Vodafone #39;s business customers can now send and receive text messages (SMS) in their MS-Outlook and Lotus Notes."
4,O #39;Keefe to meet on Thursday with LSU chancellor search committee,"The head of the nation #39;s space program will interview for the job as chancellor of LSU this week. NASA Administrator Sean O #39;Keefe, who has ties to Louisiana, has been recruited by LSU officials "
4,Ex-NASA Worker Pleads Innocent of Fake Inspections,A fired NASA safety inspector accused of falsifying space shuttle inspection reports pleaded not guilty to 166 criminal charges on Friday and a trial was tentatively set for Dec. 1.
4,Microsoft investigates Windows Server flaw,"Microsoft is investigating a security flaw in Windows server software that could allow an attacker to gain complete control over systems running the software, the company said."
4,Inputs are dangerous,"Well, it #39;s  quot;Patch Day Tuesday quot; again, and Microsoft just released another raft of security bulletins. We got ten bulletins this time, but that amounts to something upwind of 20 separate vulnerabilities "
4,Mercent to help Guess sell on Amazon,E-commerce Web services specialist is helping retailers take the guesswork out of setting up shop on Amazon.
4,Election Overseers Want Big Win,"Administrators are hoping that the victor in this year's presidential election will win by a wide margin. A close race, they fear, will result in more charges of voter fraud and demands for recounts. Kim Zetter reports from Washington."
4,"Nokia pulls out, Sony Ericsson goes in","STRANGE. THE DAY after Sony Ericsson announces it has done a deal with the Financial Times (FT) to offer content via its portal, Nokia says it is reigning back its own portal, Club Nokia."
4,Newfound Comet Set for Winter Display (SPACE.com),"SPACE.com - Donald Machholz of Colfax, \  California, an optician who has been interested in astronomy since age eight, \  discovered nine comet from 1978 through 1994. He has since spent 1,457 hours \  scanning the skies for other comets, without any luck."
4,AMD's Ruiz disappointed by Microsoft's 64-bit delays,"Advanced Micro Devices Inc. (AMD) is disappointed by Microsoft Corp.'s decision to delay the introduction of 64-bit versions of its Windows operating system, but sees no significant impact from the delay on sales of its 64-bit processors, the company's top executive said Thursday."
4,Administration ignores global warming warnings,"Yes, we know you don #39;t like that news, but it #39;s science - good science from what we can tell. A new four-year international report by 300 scientists from the United States and seven other countries that was "
4,FEC May Regulate Internet Political Activity,"By SHARON THEIMER     WASHINGTON (AP) -- With political fund raising, campaign advertising and organizing taking place in full swing over the Internet, it may just be a matter of time before the Federal Election Commission joins the action.    Well, that time may be now..."
4,"World ban on human cloning, UK stands up to US pressure",Great Britains best scientists are standing up to American government pressure to get a worldwide ban on all types of human cloning by backing an international campaign against American efforts.
4,GE to sell 60 of Indian BPO operation,"GE is selling a 60 stake in GE Capital International Services, its business process outsourcing subsidiary in India, for about \$500 million."
4,Congress Puts Hooks in Copyright Crooks,"Congressional lawmakers are taking a cue from Hollywood with an aim to beef up penalties against people who illegally swap copyrighted movies and songs over the Internet. \&lt;FONT face=""verdana,MS Sans Serif,arial,helvetica"" size=""-2""\ color=""#666666""&gt;&lt;B&gt;-washingtonpost.com&lt;/B&gt;&lt;/FONT&gt;"
4,Microsoft and Sun #39;s difficult dance,"news analysis Microsoft and Sun Microsystems may be going steady, but they aren #39;t quite sure where the relationship is headed."
4,"Movie studios sue US, European file-sharing  #39;parasites #39;","LOS ANGELES - Movie studios have expanded their fight against illegal downloading, suing more than 100 US and European-based computer services that transmit movie files across Internet file-sharing networks."
4,Technology ; Fans Throng for First Crack at New Game  #39;Halo 2 #39;,"Technology News, LOS ANGELES - It takes a special kind of person to stay up all night and stand in a line nearly 250 people long just to buy a video game -- but for rabid fans of the first  quot;Halo quot; on the Xbox video game console, it was well worth the wait "
4,Lost Dreams May Show Stuff Dreams Are Made Of (Reuters),"Reuters - A stroke that robbed a woman of her\dreams may help pinpoint where and how dreams are born in the\brain, scientists said on Friday."
4,Judge Declines to Dismiss Pollution Suit (AP),AP - A federal judge on Monday refused to dismiss a lawsuit accusing a Canadian mining company of polluting the Columbia River with heavy metals for decades.
4,FireFox better than Internet Explorer,"A recent study done by WestSideStory, a market research firm, present interesting results that show a continuous market share increase in FireFoxs favor."
4,News: Senior Republican charged in phone jamming plot,A former Bush campaign official has been charged with plotting to jam the phone networks of political opponents during the November 2002 election.\
4,Learning to Search for Life on Mars with the Atacama Rover,"Ames Research Center -- A dedicated team of scientists is spending the next four weeks in northern Chile's Atacama Desert. They are studying the scarce life that exists there and, in the process, helping NASA learn more about how primitive life forms could exist on Mars..."
4,"Greek, British Police Break Illegal Software Ring"," ATHENS (Reuters) - Greek and British police in a joint  operation cracked a multi-million illegal software sales ring,  arresting two people and seizing thousands of pirate high-tech  software programs, Greek police said on Friday."
4,PeopleSoft Denies Execs Visited Oracle (Reuters),"Reuters - PeopleSoft Inc.  on Tuesday\denied an analyst report that its executives recently met with\Oracle Corp. , the rival software vendor that last year\launched a hostile bid for PeopleSoft."
4,Correction: Spam-Lawsuit Story (AP),"AP - In an Aug. 29 story about a permanent injunction against a Rhode Island man who sent unsolicited text messages to Verizon Wireless cell phone customers, The Associated Press erroneously reported the date of the federal court action. The injunction was granted Aug. 23, not Aug. 27."
4,Firefox Browser On An Upward Trend,"carbolic writes  quot;The Firefox browser is ramping up as fast as Internet Explorer is ramping down. According to these stats posted from the Engadget logfiles, IE has dropped to 57 of all browsers used to visit "
4,Half-Life 2 users bitten by bugs,Several Half-Life 2 users who finally got the long-delayed game into their hands yesterday got exactly what they didn #39;t want--more delays.
4,HP developing 'smart rack' to ease data center work,Company shows off labor-saving data center technology at Palo Alto research lab.
4,Frances Damages NASA Space Center (AP),"AP - Hurricane Frances did more damage to the Kennedy Space Center than any other storm in history, tearing an estimated 1,000 exterior panels from the Vehicle Assembly Building and leaving a checkerboard of holes, officials said Monday."
4,IBM #8217;s Atlantic tools platform set to sail (InfoWorld),"InfoWorld - IBM Rational on Wednesday plans to flesh out complete plans for the upcoming IBM Software Development Platform, code-named  #8220;Atlantic. #8221;"
4,BT will switch its call center network to VoIP,"One challenge will be to link the call center with back-office databases of CRM applications so that agents can see, for example, the identity of the caller and the history of their account."
4,News: 'Electronic Jihad' fails to materialise,"Rumours that the Internet would witness a sustained and devastating cyber-attack by Islamic ""cyber-terrorists"" today have turned out to be completely baseless.\"
4,PluggedIn: Lost? Your Phone Knows a Way Out (Reuters),"Reuters - Back when everyone\believed the world was flat, people thought these rocky shores\on Spain's windswept ""coast of death"" were the end of the\world. In today's world, you only need a mobile phone to get\there ... and back."
4,Gaming Godzillas Prepare for Battle (washingtonpost.com),"washingtonpost.com - Let the games begin. Not the Olympics again, but the all-out battle between video game giants Sony Corp. and Nintendo Co. Ltd. The two Japanese companies are rolling out new gaming consoles, but Nintendo has beaten Sony to the punch by announcing an earlier launch date for its new hand-held game player."
4,Open Source Software Goes to Work,Businesses don't have to dump Windows to test drive free or low-price applications whose use may improve the bottom line.
4,The full horror of Ed Wood must be seen to be believed (USATODAY.com),"USATODAY.com - Tim Burton's Ed Wood, which earned Martin Landau an Oscar for playing Bela Lugosi, is finally out an DVD today. But what about the real-life oeuvre of writer/director/auteur Edward D. Wood Jr. (1924-1978)?"
4,Third-Quarter Loss \$3.4 Billion for MCI,"MCI Inc. Thursday reported a loss of \$3.4 billion during its third quarter, reflecting its recent decision to write down the value of its telecommunications network.&lt;BR&gt;\&lt;FONT face=""verdana,MS Sans Serif,arial,helvetica"" size=""-2""\ color=""#666666""&gt;&lt;B&gt;-The Washington Post&lt;/B&gt;&lt;/FONT&gt;"
4,Protests target nuclear shipment,Protests continue in France in a bid to stop delivery of  weapons-grade plutonium from the US for recycling.
4,Enter your e-mail:,"Archos has turned up the heat in the portable entertainment arena by announcing the 20GB Gmini400, a \$400 digital audio player with a 2.2-inch color LCD screen for watching videos and viewing photographs."
4,New Comet Now Visible to Naked Eye (SPACE.com),SPACE.com - A comet discovered earlier this year has now moved close enough to be visible without binoculars or telescopes by experienced observers under dark skies. It is expected to put on a modest show this month and into January.
4,Camera phone technology brings quick arrest of robbery suspect,"NASHVILLE, Tenn. A camera phone -- and its quick-thinking owner -- are being credited with solving a robbery. The victim is a limo driver who was washing his car in Nashville, Tennessee, today."
4,Will Longhorn's Loss Be Your Gain?,"Microsoft's decision to pare back features of the upcoming OS is not bad news, some say."
4,Filter Corporate Email Through Gmail,"Filter Corporate Email Through Gmail\\Shawn Hogan from DigitalPoint actually started filtering his various corporate email accounts through the gmail mail server. Shawn used many types of spam detection and filtering systems, including Spam Assassin, which I am happy with, to block unwanted email. But for some reason 2,000 spam emails ..."
4,Nobel Prize Winners Set to Be Announced (AP),"AP - In a tradition that has become as venerable as the 103-year-old Nobel Prizes themselves, the guessing game over who will take home the world's most coveted awards this week has entered full swing."
4,Recommendations to Combat Obesity in Kids (AP),AP - The Institute of Medicine had recommendations for several groups to help stem childhood obesity:
4,Storage On A Chip,Silicon Image #39;s new lower-cost storage appliance should be more palatable to small and midsize businesses. By Martin J. Garvey.
4,Winamp vulnerable to camouflaged-skin attacks,Users of the music player should watch out for hacked themes; a flaw allows would-be intruders to take control of PCs.
4,Start-up to use genes to build better chips,"Can food-poisoning bacteria E. coli make chips better than humans? Start-up says yes, but primordial soup will take time to steep."
4,"Naughty, nice are irrelevant if Santa can #39;t find any iPods","You could spend all weekend exploring retail stores in Wichita, and you still probably won #39;t find it. The Dora the Explorer talking dollhouse is sold out."
4,Mailblocks Finds Its Messages Blocked,Challenge/response e-mails accidentally marked as spam by AOL and EarthLink.
4,BBC wants help developing open source video codec,&lt;strong&gt;LinuxWorld&lt;/strong&gt; Dirac attack
4,Intel switches off LCOS TV chip,Intel has decided to cancel its project to develop a liquid crystal on silicon (LCOS) chip that would bring down the cost of rear-projection televisions.
4,Sun-Microsoft Pact Excludes OpenOffice Users,"Microsoft Corp. and Sun Microsystems Inc. have agreed not to sue each other or their customers for patent infringements, but the pact announced in April specifically states that the protection does not apply "
4,"Winter Weather Outlook Mixed, El Nino Looms (Reuters)","Reuters - Winter will be warmer than normal in\the U.S. Western and Plains states and colder than usual in the\Southeast and mid-Atlantic regions, but the return of El Nino\is making it hard for forecasters to hazard a guess for much of\the country, meteorologists said on Wednesday."
4,Microsoft tweaks volume-licensing program,"Among other changes, the software giant has established a Web site designed to make it easier to understand what the program's rules are."
4,"Poverty, Persecution Stalk Many Indigenous Peoples","Indigenous issues are receiving more political attention worldwide, but many observers say most indigenous people remain mired in poverty. Dwindling land remains a chief cause, experts say."
4,Vodafone tests Chinese mobile phone equipment,"Vodafone Group, Europe's largest mobile phone operator, is testing several network systems from Chinese manufacturers with the intention of purchasing equipment within the next few years."
4,Forum Nokia to streamline content distribution,SAN FRANCISCO-Nokia Corp. #39;s development program plans to use CTIA #39;s Wireless IT  amp; Entertainment show to unveil a worldwide initiative designed to make it easier for developers to bring mobile content and applications to market.
4,New Internet magazine grooms women for jihad,"DUBAI:  quot;Our main mission: push our children to the battlefield, like Al-Khansaa, quot; declares Umm Raad al-Tamimi in a newly-launched online magazine teaching women how to contribute to jihad, or holy war."
4,"Gartner revises PC market forecast, warns of downside","Although the PC market won't grow as fast this year as originally envisioned by Gartner analysts, the industry is still expected to sell 12.6 more units this year than in 2003."
4,Manugistics Plans Layoffs as Losses Mount,"Manugistics Group Inc., facing falling revenue and losses that more than doubled in its second quarter, said Thursday it will lay off more than 90 employees by the end of January."
4,Science Magazine Names Mars Discovery Breakthrough of the Year,"Before leaving Endurance Crater, Opportunity rovers panoramic camera, or Pancam, captured this view of  quot;Burns Cliff quot; at the base of the southeastern portion of the inner wall of the crater."
4,Is Google Bobbing for Apple?,"Just in case Apple #39;s (Nasdaq: AAPL) computer users were feeling left out, news reports say that Google (Nasdaq: GOOG) intends to develop its Desktop Search application for the Mac platform."
4,"Here #39;s looking at you, babe!",YOU have read about the alternative Internet browser that is known as Firefox. Here #39;s an easy guide to it. Nothing. Firefox is the collective product of volunteer programmers in what is known as the open-source community.
4,"NTT DoCoMo, mmO2 to  #39;partner #39; on UK i-mode","British mobile phone network O2 will launch an i-mode service next year after licensing the technology from Japanese telco NTT DoCoMo, newspaper reports have claimed."
4,Web-apps are the legacy apps of the future.,"  Back in the days of stone knives and bearskins applications were  things that were written in cretinous languages like COBOL that  ran on wierd 71 bit architectures and used messed up file formats like  JCL and VSAM files or whatever.  What's a 'Data Division'?  Some whiny  80s band from Manchester?      Of course today we are so much  smarter.  If you look at the evolution, from ML, to branched languages  to structured programming to OOP, and from 3270 applications, to PC  apps to client server to web apps, you can clearly see how the  applications programmer transformed himself from knuckle dragging  simian to homo sapiens. That's the stereotype, right?    We have a name for all that old stuff, a pejorative name:  'legacy'.1   I'm here to tell you that the web application is the new  legacy.  "
4,Court Documents Not Fit for Web?,"States are rethinking their policy of publishing all court documents -- divorces, medical histories, arrests -- on the web. On one hand is the citizens' right to know how their government operates. On the other is their right to privacy. By Jacob Ogles."
4,Italian Tower Ready for Space Station,"ROME - A watchtower built for the International Space Station (news - web sites) was turned over to the European Space Agency on Monday, the Italian aerospace company Alenia said."
4,Infocus: Detecting Complex Viruses,"The purpose of this paper is to examine the difficulties of detecting complex viruses, including polymorphic, metamorphic and entry-point obscuring viruses. Whether or not an anti-virus (AV) technology can detect these viruses can be a useful metric to consider when evaluating AV products."
4,Breeding Captive Elephants Is Difficult (AP),"AP - Elephants in zoos are living as long as those in the wild, but their population in captivity is dwindling because it is so difficult to breed them, according to studies released Friday."
4,Two big PeopleSoft shareholders split vote on Oracle bid,"Reflecting the uncertainty that has always swirled around Oracle's hostile bid for control of PeopleSoft, two major PeopleSoft shareholders have reached opposite conclusions about how to cast their votes on Oracle's buyout offer."
4,Fujitsu and Cisco Form Strategic Alliance,"Fujitsu Limited and Cisco Systems announced a strategic alliance focusing on routers and switches for the Japanese markets. Specifically, the companies agreed to jointly develop high-end routers and will collaborate "
4,"Google, BellSouth Ink Local Advertising Deal (Reuters)","Reuters - In a bid to further expand its\reach, Google Inc. said on Thursday it authorized BellSouth\Corp.'s  online Yellow Pages unit RealPages.com to sell\Google's Web search ads to small and mid-sized businesses in\the southeastern United States."
4,"NetApp posts profits, continues hiring spree","Network Appliance posted positive results for its first quarter of 2005 on Wednesday, reporting a 38 percent increase in revenue compared to the same quarter last year, and said it intends to continue hiring 200 new people a quarter. "
4,"Antiwar Protesters Told  Shop Till You Drop, Too","New York Mayor Michael Bloomberg has decided that if antiwar protesters are to descend on his city by the hundreds of thousands for the Republican Convention, he may as well turn them into shoppers. &lt;BR&gt;&lt;FONT face=""verdana,MS Sans Serif,arial,helvetica"" size=""-2""\ color=""#666666""&gt;&lt;B&gt;-The Washington Post&lt;/B&gt;&lt;/FONT&gt;"
4,Backward drawings may have doomed Genesis,"The NASA spacecraft that smashed into the Utah desert last month while bringing home fragile samples of the sun may have been doomed by engineering drawings that had been done backwards, an investigating board said Friday."
4,Movie Studios to Sue Internet File Traders,"Taking a cue from the music industry, film studios and the Motion Picture Association of America said on Thursday that they were readying the first lawsuits against people "
4,CA updates Unicenter offerings,Computer Associates Monday announced the general availability of three Unicenter performance management products for mainframe data management.
4,SynXis to Be Bought for \$40 Million,"In buying the McLean firm, Sabre would get 6,000 small and medium-size hotels as customers, as well as the technology they use to track inventory, book guests online and connect to Internet reservation services, including Sabre's Travelocity.&lt;FONT face=""verdana,MS Sans Serif,arial,helvetica"" size=""-2"" color=""#666666""&gt;&lt;B&gt;-The Washington Post&lt;/b&gt;&lt;/font&gt;"
4,Google Toolbar Security Warning,"Google Toolbar Security Warning\\As many of the readers of Search Engine Journal (including myself) probably have the Google Toolbar installed on your machines, we thought that this warning is quite relevant. The Google Toolbar apparently has a security hole which has been posted on SecurityTracker.com. \\It is reported that the ..."
4,Feds Hunt Source of GOP Data,"When contact info for Republican delegates got posted on the web, the Department of Justice subpoenaed an ISP, but now seems to be backing off. Ann Harrison reports from New York."
4,AMD Releases New Mobile Sempron,Will the chip maker ever overcome Intel's advantage in the notebook market?
4,"Anything But Microsoft Retail Store Pushes Linux, Open Source (TechWeb)","TechWeb - The Linux and open source software movement has an ambitious retail store, and it is offering a low-cost, lightweight laptop that is devoid of Microsoft software."
4,SpaceShipOne wins \$10MX Prize,"SpaceShipOne has completed its second suborbital flight in five days, securing the \$10 million Ansari X Prize. SpaceShipOne is the first privately built, manned vehicle to reach space."
